

INSERT INTO p5.users (`user_id`,`firstName`,`lastName`,`image`,`phone`,`age`,`rate`,`email`,`password`,`sport_id`,`role_id`,`is_deleted`) VALUES (1,'Mohammad','Nabali','https://i.ibb.co/Yk0kY0x/luis-villasmil-hh3-Vi-D0r0-Rc-unsplash.jpg','0777222666',26,NULL,'nabali@gmail.com','$2b$10$EWCEOA7jKU3E5Q6Q10QAqeipohbrNm5no219lG9VuHfkg9HwjdxDy',NULL,2,0);
INSERT INTO p5.users (`user_id`,`firstName`,`lastName`,`image`,`phone`,`age`,`rate`,`email`,`password`,`sport_id`,`role_id`,`is_deleted`) VALUES (2,'Gold\'s','Gym','https://bit.ly/3ewP8a6','0787896250',30,NULL,'goldsgym@gmail.com','$2b$10$KIGpeKP1N3919aIHBbMSbOEKOBwqoTL977hIsanjCxkt.eE0XPgxi',1,4,0);
INSERT INTO p5.users (`user_id`,`firstName`,`lastName`,`image`,`phone`,`age`,`rate`,`email`,`password`,`sport_id`,`role_id`,`is_deleted`) VALUES (3,'Coach','Shadin','https://www.filepicker.io/api/file/P0bDAEvTSKu4OoF9zTyz','0789651203',23,NULL,'coachshadin@gmail.com','$2b$10$g1A/G2/2T5SIsz0ep3emKuB2V0rWx1onYmevjLlB/k2ViGn9h40yi',5,3,0);
INSERT INTO p5.users (`user_id`,`firstName`,`lastName`,`image`,`phone`,`age`,`rate`,`email`,`password`,`sport_id`,`role_id`,`is_deleted`) VALUES (5,'Maisaa','Alkhedr','https://i.ibb.co/T2RcSV9/alexander-scott-lambley-i2-Amfp-RO0-Cc-unsplash.jpg','0123456789',25,NULL,'maisaa@gmail.com','$2b$10$QGKlDH8Sj/2ESV5BsaJ.KO0jUW.sHYGkCs2xA55oVi0ZIN/yyQdxO',NULL,2,0);
INSERT INTO p5.users (`user_id`,`firstName`,`lastName`,`image`,`phone`,`age`,`rate`,`email`,`password`,`sport_id`,`role_id`,`is_deleted`) VALUES (6,'Zero One','Gym','https://encrypted-tbn0.gstatic.com/images?q=tbn:ANd9GcRR7XJKQTwwKXdkTB1N_31IN8TFC7UPx1LvDMfiY4IRFIWpISc1TcWWoZQMnNgoHY7Dyu4&usqp=CAU','0789654123',25,NULL,'zeroonegym@gmail.com','$2b$10$Hxn0iO86RbBHSTlsAvs10uc8C61UENgmZcvobg5cBLwJ94PiuSyKS',1,4,0);
INSERT INTO p5.users (`user_id`,`firstName`,`lastName`,`image`,`phone`,`age`,`rate`,`email`,`password`,`sport_id`,`role_id`,`is_deleted`) VALUES (7,'Bayan','Daboubash','https://i.ibb.co/BwrbvLj/michael-dam-m-EZ3-Po-FGs-k-unsplash.jpg','0796541238',22,NULL,'bayan@gmail.com','$2b$10$Hxn0iO86RbBHSTlsAvs10uc8C61UENgmZcvobg5cBLwJ94PiuSyKS',NULL,2,0);



INSERT INTO p5.posts (`post_id`,`post`,`photo`,`video`,`sport_id`,`poster_id`,`is_deleted`) VALUES (18,'#coach_ahmad Sahabaa\'s brides First show  The two companions for 300 EGP   second show  The three owners for 375 EGP ','https://encrypted-tbn0.gstatic.com/images?q=tbn:ANd9GcQkVL9n81x8ZcBcqEaX5Pg21NHHMQJXri6n5w&usqp=CAU',NULL,1,2,0);
INSERT INTO p5.posts (`post_id`,`post`,`photo`,`video`,`sport_id`,`poster_id`,`is_deleted`) VALUES (19,'Back by popular demand, The 3 Month Summer Program for $99☀️ It\'s as SIMPLE as it sounds! ','https://cutt.ly/tmCodEl',NULL,1,2,0);
INSERT INTO p5.posts (`post_id`,`post`,`photo`,`video`,`sport_id`,`poster_id`,`is_deleted`) VALUES (20,'Access to the club will only be available from 5 Mile Line rd tonight from 530-10pm due to a Webster graduation. ','https://bit.ly/2Tm8eZ8',NULL,1,2,0);
INSERT INTO p5.posts (`post_id`,`post`,`photo`,`video`,`sport_id`,`poster_id`,`is_deleted`) VALUES (21,' June 17th is National Eat Your Vegetable Day!  We all know a part of a healthy diet is getting in your veggies! If you have trouble, Join us ','https://bit.ly/3iesYu0',NULL,1,2,0);
INSERT INTO p5.posts (`post_id`,`post`,`photo`,`video`,`sport_id`,`poster_id`,`is_deleted`) VALUES (22,'That\'s why it has been for almost 6 years! Working with the workgroup, a healthy lifestyle, and delusional it: to have a fun year!','https://bit.ly/3wHfeNK','',1,3,0);
INSERT INTO p5.posts (`post_id`,`post`,`photo`,`video`,`sport_id`,`poster_id`,`is_deleted`) VALUES (23,'The most important inner yoga exercises for calm and peace','https://lh3.googleusercontent.com/uTae68gc8KzFKDEiQiLnYD0kMakoQEvREqiU1r7S7wAI1ZO6UkDw9-z3Lx5-52I-HO8cMJ0HkNYJ4UDZv8g0xD7NWuIsMLILQEVHU0UhANPZMYbE28ISvuAYMxzAm6s-HHUJ83w','',5,3,0);
INSERT INTO p5.posts (`post_id`,`post`,`photo`,`video`,`sport_id`,`poster_id`,`is_deleted`) VALUES (24,'The most important yoga exercises to improve your mood in Ramadan','https://lh3.googleusercontent.com/GKq_9K4SLmbzqUfVEKm4v2kD_XQ-QPqjNP8Qv-de8tc2WT3Ns8TsfwSEBgSKUJmysNlWCLWzmdQ74nHaVQ07Kg42Yqimb4Ki-I1QZckpgmGchalDovv3j5h728DQpjyEmaJbL7s','',5,3,0);
INSERT INTO p5.posts (`post_id`,`post`,`photo`,`video`,`sport_id`,`poster_id`,`is_deleted`) VALUES (25,'Goodbye to insomnia..a breathing exercise that helps you fall asleep in just a few minutes','https://lh3.googleusercontent.com/rdei_ydBr048uMk0SJ2vrUdJW0YUZNUCw30Q5UaIbWJpkQDwDlJOxDI0VFuv06aAn2gnDTkjOXHyE82I3gjwh4qdgsGDJLvoIuUShps50UWtlzPwfrze3Vr3D4OMIU-h8wzCEcU','',5,3,0);


INSERT INTO p5.users_posts (`user_id`,`post_id`,`is_deleted`) VALUES (2,18,0);
INSERT INTO p5.users_posts (`user_id`,`post_id`,`is_deleted`) VALUES (2,19,0);
INSERT INTO p5.users_posts (`user_id`,`post_id`,`is_deleted`) VALUES (2,20,0);
INSERT INTO p5.users_posts (`user_id`,`post_id`,`is_deleted`) VALUES (2,21,0);
INSERT INTO p5.users_posts (`user_id`,`post_id`,`is_deleted`) VALUES (3,22,0);
INSERT INTO p5.users_posts (`user_id`,`post_id`,`is_deleted`) VALUES (3,23,0);
INSERT INTO p5.users_posts (`user_id`,`post_id`,`is_deleted`) VALUES (3,24,0);
INSERT INTO p5.users_posts (`user_id`,`post_id`,`is_deleted`) VALUES (3,25,0);
INSERT INTO p5.users_posts (`user_id`,`post_id`,`is_deleted`) VALUES (5,22,1);
INSERT INTO p5.users_posts (`user_id`,`post_id`,`is_deleted`) VALUES (5,23,1);
INSERT INTO p5.users_posts (`user_id`,`post_id`,`is_deleted`) VALUES (5,24,1);

INSERT INTO p5.comments (`comment_id`,`comment`,`post_id`,`commenter_id`,`is_deleted`) VALUES (25,'Thank you',22,7,0);
INSERT INTO p5.comments (`comment_id`,`comment`,`post_id`,`commenter_id`,`is_deleted`) VALUES (26,'Gread job',22,5,0);
INSERT INTO p5.comments (`comment_id`,`comment`,`post_id`,`commenter_id`,`is_deleted`) VALUES (27,'Very nice',18,5,0);
INSERT INTO p5.comments (`comment_id`,`comment`,`post_id`,`commenter_id`,`is_deleted`) VALUES (28,'cool',19,5,0);
INSERT INTO p5.comments (`comment_id`,`comment`,`post_id`,`commenter_id`,`is_deleted`) VALUES (29,'OOOPS',20,5,0);
INSERT INTO p5.comments (`comment_id`,`comment`,`post_id`,`commenter_id`,`is_deleted`) VALUES (30,';D',21,5,0);
INSERT INTO p5.comments (`comment_id`,`comment`,`post_id`,`commenter_id`,`is_deleted`) VALUES (31,'good job',18,7,0);
